,twfe_statsmodels,twfe_fixest_compressed,twfe_fixest,event_study_fixest,duck_mundlak,duck_mundlak_event,N,T,T0
0,,3.5332040786743164,1.544895887374878,15.637751817703247,1.35536789894104,0.020453691482543945,100000,42,7
1,,3.681572437286377,1.5531425476074219,21.96467161178589,0.8629484176635742,0.026926517486572266,100000,42,7
2,,3.58103609085083,1.4542961120605469,16.58826994895935,0.9000434875488281,0.021899700164794922,100000,42,7
