,twfe_statsmodels,twfe_fixest_compressed,twfe_fixest,event_study_fixest,duck_mundlak,duck_mundlak_event,N,T,T0
0,,1.5650169849395752,1.025242805480957,2.8195056915283203,0.3231985569000244,0.012965917587280273,100000,14,7
1,,1.5771527290344238,1.1382153034210205,1.9317655563354492,0.2892742156982422,0.013964414596557617,100000,14,7
2,,1.5973916053771973,1.1420490741729736,1.9872798919677734,0.3146228790283203,0.013991355895996094,100000,14,7
