,twfe_fixest,N,T,T0
0,0.6330029964447021,100000,14,7
1,0.5921123027801514,100000,14,7
2,0.6203744411468506,100000,14,7
