,twfe_statsmodels,event_study_statsmodels,twfe_fixest_compressed,twfe_fixest,event_study_fixest,duck_mundlak,duck_mundlak_event,N,T,T0
0,3.524947166442871,3.8372230529785156,1.391993761062622,7.044592618942261,1.0851032733917236,0.025202512741088867,0.014397859573364258,1000,14,7
1,3.586045503616333,3.8418402671813965,0.1384873390197754,0.1546306610107422,0.16529107093811035,0.025308609008789062,0.016378164291381836,1000,14,7
2,3.498058557510376,3.7085466384887695,0.13840508460998535,0.15597152709960938,0.16927051544189453,0.02742910385131836,0.01682305335998535,1000,14,7
