,twfe_fixest,N,T,T0
0,0.9080502986907959,100000,28,7
1,0.9044373035430908,100000,28,7
2,0.8909964561462402,100000,28,7
