,twfe_fixest,N,T,T0
0,1.3070573806762695,100000,42,7
1,1.1962721347808838,100000,42,7
2,1.2006416320800781,100000,42,7
