,twfe_statsmodels,twfe_fixest_compressed,twfe_fixest,event_study_fixest,duck_mundlak,duck_mundlak_event,N,T,T0
0,,2.3644139766693115,1.222491979598999,6.415189743041992,0.818631649017334,0.016979694366455078,100000,28,7
1,,2.3045310974121094,1.1898529529571533,6.398603200912476,0.6646432876586914,0.016531944274902344,100000,28,7
2,,2.285304546356201,1.252234935760498,9.608892440795898,0.6715579032897949,0.01595783233642578,100000,28,7
