,twfe_statsmodels,event_study_statsmodels,twfe_fixest_compressed,twfe_fixest,event_study_fixest,duck_mundlak,duck_mundlak_event,N,T,T0
0,6.603718280792236,8.796046733856201,0.21630644798278809,0.17549967765808105,0.23299789428710938,0.03426074981689453,0.018976926803588867,1000,28,7
1,6.700540781021118,9.069744110107422,0.17578649520874023,0.17682957649230957,0.23126792907714844,0.03191041946411133,0.01741170883178711,1000,28,7
2,7.750951290130615,8.068708181381226,0.1765155792236328,0.17908310890197754,0.22946405410766602,0.03245687484741211,0.016439437866210938,1000,28,7
