,twfe_statsmodels,event_study_statsmodels,twfe_fixest_compressed,twfe_fixest,event_study_fixest,duck_mundlak,duck_mundlak_event,N,T,T0
0,12.831220388412476,12.35423469543457,0.2366042137145996,0.1718442440032959,0.3121190071105957,0.038512468338012695,0.01694774627685547,1000,42,7
1,14.023149490356445,12.454074621200562,0.19021940231323242,0.17430496215820312,0.3458282947540283,0.03442883491516113,0.016968488693237305,1000,42,7
2,11.490947008132935,12.42515230178833,0.17162346839904785,0.17591285705566406,0.32230591773986816,0.03468441963195801,0.016361236572265625,1000,42,7
