,twfe_fixest,N,T,T0
0,0.2967844009399414,10000,28,7
1,0.3072526454925537,10000,28,7
2,0.30050110816955566,10000,28,7
