,twfe_statsmodels,twfe_fixest_compressed,twfe_fixest,event_study_fixest,duck_mundlak,duck_mundlak_event,N,T,T0
0,,2.6141197681427,0.6356804370880127,0.7050578594207764,0.22404909133911133,0.015578031539916992,10000,14,7
1,,0.7215888500213623,0.6314306259155273,0.6742532253265381,0.0789484977722168,0.014959096908569336,10000,14,7
2,,0.6667027473449707,0.7373080253601074,0.6585514545440674,0.08377385139465332,0.013962507247924805,10000,14,7
