,twfe_fixest,N,T,T0
0,3.9811136722564697,1000000,14,7
1,3.9024667739868164,1000000,14,7
2,3.94681453704834,1000000,14,7
