,twfe_fixest,N,T,T0
0,0.30553364753723145,10000,42,7
1,0.32700133323669434,10000,42,7
2,0.3112492561340332,10000,42,7
