,twfe_fixest,N,T,T0
0,0.24356484413146973,10000,14,7
1,0.25767970085144043,10000,14,7
2,0.24818849563598633,10000,14,7
